{
  "high_confidence_pairs": [
    {
      "pair": [
        "teststudent1.txt",
        "teststudent2.txt"
      ],
      "similarity": 0.9225920546462273,
      "tfidf_similarity": 0.8900436979164018,
      "ast_similarity": 0.9714145897409656,
      "detection_method": "Combined"
    },
    {
      "pair": [
        "teststudent1.txt",
        "teststudent3.txt"
      ],
      "similarity": 0.9816620384268988,
      "tfidf_similarity": null,
      "ast_similarity": 0.9816620384268988,
      "detection_method": "AST"
    },
    {
      "pair": [
        "teststudent3.txt",
        "teststudent2.txt"
      ],
      "similarity": 0.9668432533499531,
      "tfidf_similarity": null,
      "ast_similarity": 0.9668432533499531,
      "detection_method": "AST"
    }
  ],
  "needs_review_pairs": [
    {
      "pair": [
        "samplechecker2.txt",
        "samplechecker3.txt"
      ],
      "similarity": 0.7229972560109277,
      "tfidf_similarity": 0.5887662164310702,
      "ast_similarity": 0.9243438153807138,
      "detection_method": "Combined"
    }
  ],
  "all_suspicious_pairs": [
    [
      "teststudent1.txt",
      "teststudent2.txt"
    ],
    [
      "samplechecker2.txt",
      "samplechecker3.txt"
    ],
    [
      "teststudent1.txt",
      "teststudent3.txt"
    ],
    [
      "teststudent3.txt",
      "teststudent2.txt"
    ]
  ],
  "detection_methods": [
    "TF-IDF",
    "AST"
  ],
  "tfidf_similarity_matrix": [
    [
      0.9999999999999926,
      0.17516791101095583,
      0.8900436979164018,
      0.046828065627176424,
      0.04080806884964752,
      0.05085463124381439,
      0.016418826720139598
    ],
    [
      0.17516791101095583,
      0.9999999999999994,
      0.15724332093118448,
      0.03355439950261005,
      0.028590190419613117,
      0.034440029900426,
      0.011306001673130948
    ],
    [
      0.8900436979164018,
      0.15724332093118448,
      1.0000000000000009,
      0.042939259049292806,
      0.03904962929447842,
      0.04959163680570593,
      0.01591286969701769
    ],
    [
      0.046828065627176424,
      0.03355439950261005,
      0.042939259049292806,
      1.0,
      0.0057871300202706425,
      0.005552072171766407,
      0.004263216171007468
    ],
    [
      0.04080806884964752,
      0.028590190419613117,
      0.03904962929447842,
      0.0057871300202706425,
      1.0000000000000029,
      0.5887662164310702,
      0.0538738171104542
    ],
    [
      0.05085463124381439,
      0.034440029900426,
      0.04959163680570593,
      0.005552072171766407,
      0.5887662164310702,
      1.0,
      0.0418513212856297
    ],
    [
      0.016418826720139598,
      0.011306001673130948,
      0.01591286969701769,
      0.004263216171007468,
      0.0538738171104542,
      0.0418513212856297,
      1.0000000000000004
    ]
  ],
  "tfidf_average_similarity": 0.11108772913484727,
  "tfidf_max_similarity": 0.8900436979164018,
  "ast_similarity_matrix": [
    [
      1.0,
      0.9816620384268988,
      0.9714145897409656,
      0.46821105744184804,
      0.46411341261895844,
      0.46943415824045276,
      0.40127840595991315
    ],
    [
      0.9816620384268988,
      1.0,
      0.9668432533499531,
      0.4654015229717531,
      0.46755646737577006,
      0.47325240566014826,
      0.40048318663008753
    ],
    [
      0.9714145897409656,
      0.9668432533499531,
      1.0,
      0.4666191919958208,
      0.4677258691792193,
      0.47511793230362187,
      0.4030452420397078
    ],
    [
      0.46821105744184804,
      0.4654015229717531,
      0.4666191919958208,
      1.0,
      0.3238467928338219,
      0.3311302373248101,
      0.45774476205882675
    ],
    [
      0.46411341261895844,
      0.46755646737577006,
      0.4677258691792193,
      0.3238467928338219,
      1.0,
      0.9243438153807138,
      0.3036009687190347
    ],
    [
      0.46943415824045276,
      0.47325240566014826,
      0.47511793230362187,
      0.3311302373248101,
      0.9243438153807138,
      1.0,
      0.30844582186618763
    ],
    [
      0.40127840595991315,
      0.40048318663008753,
      0.4030452420397078,
      0.45774476205882675,
      0.3036009687190347,
      0.30844582186618763,
      1.0
    ]
  ],
  "ast_average_similarity": 0.523393863434215,
  "ast_max_similarity": 0.9816620384268988,
  "average_similarity": 0.27601018285459433,
  "max_similarity": 0.9816620384268988,
  "summary": {
    "total_submissions": 0,
    "high_confidence_count": 3,
    "needs_review_count": 1,
    "total_suspicious_pairs": 4,
    "detection_methods": [
      "TF-IDF",
      "AST"
    ],
    "suspicious_submissions_count": 5,
    "tfidf_avg_similarity": 0.11108772913484727,
    "tfidf_max_similarity": 0.8900436979164018,
    "ast_avg_similarity": 0.523393863434215,
    "ast_max_similarity": 0.9816620384268988,
    "combined_avg_similarity": 0.27601018285459433,
    "combined_max_similarity": 0.9816620384268988
  }
}