{
  "high_confidence_pairs": [
    {
      "pair": [
        "teststudent1.txt",
        "teststudent2.txt"
      ],
      "similarity": 0.9772284533669775,
      "tfidf_similarity": 0.9704571384760898,
      "ast_similarity": 0.987385425703309,
      "detection_method": "Combined"
    }
  ],
  "needs_review_pairs": [
    {
      "pair": [
        "teststudent1.txt",
        "teststudent3.txt"
      ],
      "similarity": 0.6464948774007937,
      "tfidf_similarity": 0.5274611335103412,
      "ast_similarity": 0.8250454932364726,
      "detection_method": "Combined"
    },
    {
      "pair": [
        "teststudent3.txt",
        "teststudent2.txt"
      ],
      "similarity": 0.6384127272886382,
      "tfidf_similarity": 0.5174064227910702,
      "ast_similarity": 0.8199221840349903,
      "detection_method": "Combined"
    },
    {
      "pair": [
        "samplechecker2.txt",
        "samplechecker3.txt"
      ],
      "similarity": 0.5922404614994314,
      "tfidf_similarity": 0.4617823355430532,
      "ast_similarity": 0.7879276504339989,
      "detection_method": "Combined"
    }
  ],
  "all_suspicious_pairs": [
    [
      "teststudent1.txt",
      "teststudent2.txt"
    ],
    [
      "teststudent1.txt",
      "teststudent3.txt"
    ],
    [
      "teststudent3.txt",
      "teststudent2.txt"
    ],
    [
      "samplechecker2.txt",
      "samplechecker3.txt"
    ]
  ],
  "detection_methods": [
    "TF-IDF",
    "AST"
  ],
  "tfidf_similarity_matrix": [
    [
      1.000000000000001,
      0.5274611335103412,
      0.9704571384760898,
      0.07612286293182674,
      0.04515656782838427,
      0.12299414201591242,
      0.03195270564405661
    ],
    [
      0.5274611335103412,
      0.9999999999999902,
      0.5174064227910702,
      0.053526430669127316,
      0.041739138888968054,
      0.12939677284354453,
      0.026207180167108133
    ],
    [
      0.9704571384760898,
      0.5174064227910702,
      1.0000000000000016,
      0.07565151558793885,
      0.044876961577578096,
      0.12223257105128796,
      0.03175485676718443
    ],
    [
      0.07612286293182674,
      0.053526430669127316,
      0.07565151558793885,
      1.0000000000000002,
      0.005831164870129606,
      0.005800971432945109,
      0.006550027375316673
    ],
    [
      0.04515656782838427,
      0.041739138888968054,
      0.044876961577578096,
      0.005831164870129606,
      1.0000000000000033,
      0.4617823355430532,
      0.03929833874243588
    ],
    [
      0.12299414201591242,
      0.12939677284354453,
      0.12223257105128796,
      0.005800971432945109,
      0.4617823355430532,
      0.9999999999999998,
      0.030983367972767527
    ],
    [
      0.03195270564405661,
      0.026207180167108133,
      0.03175485676718443,
      0.006550027375316673,
      0.03929833874243588,
      0.030983367972767527,
      1.0000000000000004
    ]
  ],
  "tfidf_average_similarity": 0.16034202888986032,
  "tfidf_max_similarity": 0.9704571384760898,
  "ast_similarity_matrix": [
    [
      1.0,
      0.8250454932364726,
      0.987385425703309,
      0.23247231948052055,
      0.5233467679255059,
      0.4407204708026705,
      0.559368520203088
    ],
    [
      0.8250454932364726,
      1.0,
      0.8199221840349903,
      0.2055282403984655,
      0.5089971449926147,
      0.4193191839945676,
      0.5016478732941074
    ],
    [
      0.987385425703309,
      0.8199221840349903,
      1.0,
      0.2286512114917772,
      0.5242823906858431,
      0.44110548620852974,
      0.5615823771080685
    ],
    [
      0.23247231948052055,
      0.2055282403984655,
      0.2286512114917772,
      1.0,
      0.27110208638301525,
      0.27134243315026346,
      0.1879797681330322
    ],
    [
      0.5233467679255059,
      0.5089971449926147,
      0.5242823906858431,
      0.27110208638301525,
      1.0,
      0.7879276504339989,
      0.5554278649873834
    ],
    [
      0.4407204708026705,
      0.4193191839945676,
      0.44110548620852974,
      0.27134243315026346,
      0.7879276504339989,
      1.0,
      0.5446280827062054
    ],
    [
      0.559368520203088,
      0.5016478732941074,
      0.5615823771080685,
      0.1879797681330322,
      0.5554278649873834,
      0.5446280827062054,
      1.0
    ]
  ],
  "ast_average_similarity": 0.4951325226359252,
  "ast_max_similarity": 0.987385425703309,
  "average_similarity": 0.2942582263882863,
  "max_similarity": 0.987385425703309,
  "summary": {
    "total_submissions": 0,
    "high_confidence_count": 1,
    "needs_review_count": 3,
    "total_suspicious_pairs": 4,
    "detection_methods": [
      "TF-IDF",
      "AST"
    ],
    "suspicious_submissions_count": 5,
    "tfidf_avg_similarity": 0.16034202888986032,
    "tfidf_max_similarity": 0.9704571384760898,
    "ast_avg_similarity": 0.4951325226359252,
    "ast_max_similarity": 0.987385425703309,
    "combined_avg_similarity": 0.2942582263882863,
    "combined_max_similarity": 0.987385425703309
  }
}