{
  "high_confidence_pairs": [],
  "needs_review_pairs": [
    {
      "pair": [
        "teststudent1.txt",
        "teststudent2.txt"
      ],
      "similarity": 0.7595617321388407,
      "tfidf_similarity": 0.7433897717645057,
      "ast_similarity": 0.7838196727003433,
      "detection_method": "Combined"
    },
    {
      "pair": [
        "samplechecker2.txt",
        "samplechecker3.txt"
      ],
      "similarity": 0.7446889536841973,
      "tfidf_similarity": 0.5958337907315239,
      "ast_similarity": 0.9679716981132074,
      "detection_method": "Combined"
    },
    {
      "pair": [
        "teststudent3.txt",
        "teststudent2.txt"
      ],
      "similarity": 0.546322089572799,
      "tfidf_similarity": 0.44116724034391586,
      "ast_similarity": 0.7040543634161238,
      "detection_method": "Combined"
    },
    {
      "pair": [
        "teststudent1.txt",
        "teststudent3.txt"
      ],
      "similarity": 0.5456732048975563,
      "tfidf_similarity": 0.43665504125649907,
      "ast_similarity": 0.7092004503591423,
      "detection_method": "Combined"
    }
  ],
  "all_suspicious_pairs": [
    [
      "teststudent1.txt",
      "teststudent2.txt"
    ],
    [
      "samplechecker2.txt",
      "samplechecker3.txt"
    ],
    [
      "teststudent3.txt",
      "teststudent2.txt"
    ],
    [
      "teststudent1.txt",
      "teststudent3.txt"
    ]
  ],
  "detection_methods": [
    "TF-IDF",
    "AST"
  ],
  "tfidf_similarity_matrix": [
    [
      1.000000000000001,
      0.43665504125649907,
      0.7433897717645057,
      0.058454100644150055,
      0.023327612644733767,
      0.06280421678792504,
      0.05228886906613698
    ],
    [
      0.43665504125649907,
      1.0000000000000007,
      0.44116724034391586,
      0.04944793384063176,
      0.018317632205926287,
      0.05024729228678454,
      0.033340109285310886
    ],
    [
      0.7433897717645057,
      0.44116724034391586,
      1.0000000000000002,
      0.0440058027776437,
      0.018205426701167857,
      0.043863697267361244,
      0.03717367106317425
    ],
    [
      0.058454100644150055,
      0.04944793384063176,
      0.0440058027776437,
      1.0000000000000007,
      0.012508559858729302,
      0.02363563387161053,
      0.02029453085752041
    ],
    [
      0.023327612644733767,
      0.018317632205926287,
      0.018205426701167857,
      0.012508559858729302,
      1.0000000000000016,
      0.5958337907315239,
      0.06912535072283642
    ],
    [
      0.06280421678792504,
      0.05024729228678454,
      0.043863697267361244,
      0.02363563387161053,
      0.5958337907315239,
      1.0000000000000002,
      0.04152562109571958
    ],
    [
      0.05228886906613698,
      0.033340109285310886,
      0.03717367106317425,
      0.02029453085752041,
      0.06912535072283642,
      0.04152562109571958,
      1.0000000000000033
    ]
  ],
  "tfidf_average_similarity": 0.1369339002416098,
  "tfidf_max_similarity": 0.7433897717645057,
  "ast_similarity_matrix": [
    [
      1.0,
      0.7092004503591423,
      0.7838196727003433,
      0.5955746680023286,
      0.3818692920554313,
      0.37367735765701277,
      0.5882633666581152
    ],
    [
      0.7092004503591423,
      1.0,
      0.7040543634161238,
      0.523561503392167,
      0.41811525684797485,
      0.4152238793989898,
      0.5073018682740988
    ],
    [
      0.7838196727003433,
      0.7040543634161238,
      1.0,
      0.459607124144508,
      0.4092065716878922,
      0.40240886353941674,
      0.5109535548990458
    ],
    [
      0.5955746680023286,
      0.523561503392167,
      0.459607124144508,
      1.0,
      0.33536221392015997,
      0.3321979512995198,
      0.5150820884569322
    ],
    [
      0.3818692920554313,
      0.41811525684797485,
      0.4092065716878922,
      0.33536221392015997,
      1.0,
      0.9679716981132074,
      0.4859475406734235
    ],
    [
      0.37367735765701277,
      0.4152238793989898,
      0.40240886353941674,
      0.3321979512995198,
      0.9679716981132074,
      1.0,
      0.4972731528226279
    ],
    [
      0.5882633666581152,
      0.5073018682740988,
      0.5109535548990458,
      0.5150820884569322,
      0.4859475406734235,
      0.4972731528226279,
      1.0
    ]
  ],
  "ast_average_similarity": 0.5198415446818314,
  "ast_max_similarity": 0.9679716981132074,
  "average_similarity": 0.29009695801769847,
  "max_similarity": 0.9679716981132074,
  "summary": {
    "total_submissions": 0,
    "high_confidence_count": 0,
    "needs_review_count": 4,
    "total_suspicious_pairs": 4,
    "detection_methods": [
      "TF-IDF",
      "AST"
    ],
    "suspicious_submissions_count": 5,
    "tfidf_avg_similarity": 0.1369339002416098,
    "tfidf_max_similarity": 0.7433897717645057,
    "ast_avg_similarity": 0.5198415446818314,
    "ast_max_similarity": 0.9679716981132074,
    "combined_avg_similarity": 0.29009695801769847,
    "combined_max_similarity": 0.9679716981132074
  }
}