{
  "high_confidence_pairs": [
    {
      "pair": [
        "teststudent1_sol2.txt",
        "teststudent2_sol2.txt"
      ],
      "similarity": 0.9744171497309211,
      "tfidf_similarity": 0.9657716324159958,
      "ast_similarity": 0.987385425703309,
      "detection_method": "Combined"
    }
  ],
  "needs_review_pairs": [
    {
      "pair": [
        "teststudent1_sol2.txt",
        "teststudent3_sol2.txt"
      ],
      "similarity": 0.6351024981761549,
      "tfidf_similarity": 0.5084738348026099,
      "ast_similarity": 0.8250454932364726,
      "detection_method": "Combined"
    },
    {
      "pair": [
        "teststudent3_sol2.txt",
        "teststudent2_sol2.txt"
      ],
      "similarity": 0.8199221840349903,
      "tfidf_similarity": null,
      "ast_similarity": 0.8199221840349903,
      "detection_method": "AST"
    }
  ],
  "all_suspicious_pairs": [
    [
      "teststudent1_sol2.txt",
      "teststudent2_sol2.txt"
    ],
    [
      "teststudent1_sol2.txt",
      "teststudent3_sol2.txt"
    ],
    [
      "teststudent3_sol2.txt",
      "teststudent2_sol2.txt"
    ]
  ],
  "detection_methods": [
    "TF-IDF",
    "AST"
  ],
  "tfidf_similarity_matrix": [
    [
      0.9999999999999991,
      0.5084738348026099,
      0.9657716324159958
    ],
    [
      0.5084738348026099,
      1.000000000000001,
      0.49780385441004044
    ],
    [
      0.9657716324159958,
      0.49780385441004044,
      1.0000000000000022
    ]
  ],
  "tfidf_average_similarity": 0.6573497738762154,
  "tfidf_max_similarity": 0.9657716324159958,
  "ast_similarity_matrix": [
    [
      1.0,
      0.8250454932364726,
      0.987385425703309
    ],
    [
      0.8250454932364726,
      1.0,
      0.8199221840349903
    ],
    [
      0.987385425703309,
      0.8199221840349903,
      1.0
    ]
  ],
  "ast_average_similarity": 0.877451034324924,
  "ast_max_similarity": 0.987385425703309,
  "average_similarity": 0.7453902780556989,
  "max_similarity": 0.987385425703309,
  "summary": {
    "total_submissions": 0,
    "high_confidence_count": 1,
    "needs_review_count": 2,
    "total_suspicious_pairs": 3,
    "detection_methods": [
      "TF-IDF",
      "AST"
    ],
    "suspicious_submissions_count": 3,
    "tfidf_avg_similarity": 0.6573497738762154,
    "tfidf_max_similarity": 0.9657716324159958,
    "ast_avg_similarity": 0.877451034324924,
    "ast_max_similarity": 0.987385425703309,
    "combined_avg_similarity": 0.7453902780556989,
    "combined_max_similarity": 0.987385425703309
  }
}