{
  "high_confidence_pairs": [],
  "needs_review_pairs": [
    {
      "pair": [
        "teststudent1.txt",
        "teststudent3.txt"
      ],
      "similarity": 0.6361427367311596,
      "tfidf_similarity": 0.6361427367311596,
      "ast_similarity": null,
      "detection_method": "TF-IDF"
    },
    {
      "pair": [
        "teststudent1.txt",
        "teststudent2.txt"
      ],
      "similarity": 0.6603594479245609,
      "tfidf_similarity": 0.6117183624066851,
      "ast_similarity": 0.7333210762013745,
      "detection_method": "Combined"
    },
    {
      "pair": [
        "teststudent3.txt",
        "teststudent2.txt"
      ],
      "similarity": 0.5561221613434728,
      "tfidf_similarity": 0.44131051669019117,
      "ast_similarity": 0.7283396283233954,
      "detection_method": "Combined"
    }
  ],
  "all_suspicious_pairs": [
    [
      "teststudent1.txt",
      "teststudent3.txt"
    ],
    [
      "teststudent1.txt",
      "teststudent2.txt"
    ],
    [
      "teststudent3.txt",
      "teststudent2.txt"
    ]
  ],
  "detection_methods": [
    "TF-IDF",
    "AST"
  ],
  "tfidf_similarity_matrix": [
    [
      1.0000000000000004,
      0.6361427367311596,
      0.6117183624066851,
      0.053690667672055346
    ],
    [
      0.6361427367311596,
      0.9999999999999871,
      0.44131051669019117,
      0.056052042680454606
    ],
    [
      0.6117183624066851,
      0.44131051669019117,
      1.0000000000000029,
      0.04289091958698586
    ],
    [
      0.053690667672055346,
      0.056052042680454606,
      0.04289091958698586,
      1.0
    ]
  ],
  "tfidf_average_similarity": 0.3069675409612553,
  "tfidf_max_similarity": 0.6361427367311596,
  "ast_similarity_matrix": [
    [
      1.0,
      0.6417709536976102,
      0.7333210762013745,
      0.36096152341446364
    ],
    [
      0.6417709536976102,
      1.0,
      0.7283396283233954,
      0.32505969288328396
    ],
    [
      0.7333210762013745,
      0.7283396283233954,
      1.0,
      0.35334467454477353
    ],
    [
      0.36096152341446364,
      0.32505969288328396,
      0.35334467454477353,
      1.0
    ]
  ],
  "ast_average_similarity": 0.5237995915108169,
  "ast_max_similarity": 0.7333210762013745,
  "average_similarity": 0.3937003611810799,
  "max_similarity": 0.7333210762013745,
  "summary": {
    "total_submissions": 0,
    "high_confidence_count": 0,
    "needs_review_count": 3,
    "total_suspicious_pairs": 3,
    "detection_methods": [
      "TF-IDF",
      "AST"
    ],
    "suspicious_submissions_count": 3,
    "tfidf_avg_similarity": 0.3069675409612553,
    "tfidf_max_similarity": 0.6361427367311596,
    "ast_avg_similarity": 0.5237995915108169,
    "ast_max_similarity": 0.7333210762013745,
    "combined_avg_similarity": 0.3937003611810799,
    "combined_max_similarity": 0.7333210762013745
  }
}