{
  "high_confidence_pairs": [],
  "needs_review_pairs": [],
  "all_suspicious_pairs": [
    [
      "24BBS0142_sol8.txt",
      "24BBS0043_sol8.txt"
    ]
  ],
  "detection_methods": [
    "TF-IDF",
    "AST"
  ],
  "tfidf_similarity_matrix": [
    [
      1.0000000000000002,
      0.0877656866162767
    ],
    [
      0.0877656866162767,
      0.9999999999999942
    ]
  ],
  "tfidf_average_similarity": 0.0877656866162767,
  "tfidf_max_similarity": 0.0877656866162767,
  "ast_similarity_matrix": [
    [
      1.0,
      0.4713158825077024
    ],
    [
      0.4713158825077024,
      1.0
    ]
  ],
  "ast_average_similarity": 0.4713158825077024,
  "ast_max_similarity": 0.4713158825077024,
  "average_similarity": 0.241185764972847,
  "max_similarity": 0.4713158825077024,
  "summary": {
    "total_submissions": 0,
    "high_confidence_count": 0,
    "needs_review_count": 0,
    "total_suspicious_pairs": 1,
    "detection_methods": [
      "TF-IDF",
      "AST"
    ],
    "suspicious_submissions_count": 2,
    "tfidf_avg_similarity": 0.0877656866162767,
    "tfidf_max_similarity": 0.0877656866162767,
    "ast_avg_similarity": 0.4713158825077024,
    "ast_max_similarity": 0.4713158825077024,
    "combined_avg_similarity": 0.241185764972847,
    "combined_max_similarity": 0.4713158825077024
  }
}